code;libelle français;libelle anglais
2014;"2014";"2014"
2015;"2015";"2015"
2016;"2016";"2016"
2017;"2017";"2017"
2018;"2018";"2018"
2019;"2019";"2019"
2020;"2020";"2020"
2021;"2021";"2021"
2022;"2022";"2022"
2023;"2023";"2023"
2024;"2024";"2024"
2008;"2008";"2008"
2009;"2009";"2009"
2010;"2010";"2010"
2011;"2011";"2011"
2012;"2012";"2012"
2013;"2013";"2013"