code;libelle français;libelle anglais
1968;"1968";"1968"
2011;"2011";"2011"
2012;"2012";"2012"
1975;"1975";"1975"
2014;"2014";"2014"
2010;"2010";"2010"
2009;"2009";"2009"
2008;"2008";"2008"
1999;"1999";"1999"
2006;"2006";"2006"
1982;"1982";"1982"
2016;"2016";"2016"
2007;"2007";"2007"
1990;"1990";"1990"
2023;"2023";"2023"
2017;"2017";"2017"
2018;"2018";"2018"
2013;"2013";"2013"
2022;"2022";"2022"
2019;"2019";"2019"
2015;"2015";"2015"
2021;"2021";"2021"
2020;"2020";"2020"